IP,域名,域名网络分类,域名服务分类
192.0.73.2,secure.gravatar.com,Automattic,Automattic
104.19.48.147,adguard.com,CloudFlare,AdGuard
104.19.48.147,cdn.ipip.net,CloudFlare,CloudFlare
104.19.48.147,cdnjs.cloudflare.com,CloudFlare,CloudFlare
104.19.48.147,dash.cloudflare.com,CloudFlare,CloudFlare
104.19.48.147,gates.cloudflare.com,CloudFlare,CloudFlare
104.19.48.147,one.dash.cloudflare.com,CloudFlare,CloudFlare
104.19.48.147,platform.dash.cloudflare.com,CloudFlare,CloudFlare
104.19.48.147,sparrow.cloudflare.com,CloudFlare,CloudFlare
104.19.48.147,static.cloudflareinsights.com,CloudFlare,CloudFlare
104.19.48.147,static.dash.cloudflare.com,CloudFlare,CloudFlare
104.19.48.147,www.speedtest.net,CloudFlare,CloudFlare
104.19.48.147,about.gitlab.com,CloudFlare,Gitlab
104.19.48.147,gitlab.com,CloudFlare,Gitlab
104.19.48.147,cloud.hosthatch.com,CloudFlare,HostHatch
104.19.48.147,ip.sb,CloudFlare,IP.SB
104.19.48.147,ipv4.ip.sb,CloudFlare,IP.SB
104.19.48.147,gcore.jsdelivr.net,CloudFlare,JSD
104.19.48.147,testingcf.jsdelivr.net,CloudFlare,JSD
104.19.48.147,www.nodeseek.com,CloudFlare,NodeSeek
104.19.48.147,ip.skk.moe,CloudFlare,Other
104.19.48.147,nnr.moe,CloudFlare,Other
104.19.48.147,od.ixcmstudio.cn,CloudFlare,Other
104.19.48.147,www.warhut.cn,CloudFlare,Other
104.19.48.147,cdn.000714.xyz,CloudFlare,SKY
104.19.48.147,demo-test-api-plz-no-report-abuse.j71km4jc56.workers.dev,CloudFlare,SKY
104.19.48.147,imgapi.000714.xyz,CloudFlare,SKY
104.19.48.147,imgcdn.000714.xyz,CloudFlare,SKY
104.19.48.147,imgup.pages.dev,CloudFlare,SKY
104.19.48.147,www.blueskyxn.com,CloudFlare,SKY
104.19.48.147,vidhide.com,CloudFlare,Vidhide
104.19.48.147,vidhidevip.com,CloudFlare,Vidhide
104.19.48.147,ydfjing.net,CloudFlare,Vidhide
151.101.1.229,cdn.jsdelivr.net,Fastly,JSD
151.101.1.229,fastly.jsdelivr.net,Fastly,JSD
151.101.1.229,originfastly.jsdelivr.net,Fastly,JSD
151.101.1.229,quantil.jsdelivr.net,Fastly,JSD
185.199.111.133,avatars.githubusercontent.com,Github,Github
140.82.112.4,gist.github.com,Github,Github
20.29.134.23,github.com,Github,Github
185.199.109.154,github.githubassets.com,Github,Github
185.199.109.133,raw.githubusercontent.com,Github,Github
72.246.157.205,store.steampowered.com,Steam,Other
104.19.48.147,repo.anaconda.com,CloudFlare,AnaConda
104.19.48.147,conda.anaconda.org,CloudFlare,AnaConda
104.19.48.147,registry.npmjs.org,CloudFlare,NPM
104.19.48.147,secure.backblaze.com,CloudFlare,B2
127.0.0.1,tcbox.baidu.com,Block,BAN
127.0.0.1,sq.bls.mdt.qq.com,Block,BAN
127.0.0.1,omgid.qq.com,Block,BAN
127.0.0.1,smartad.10010.com,Block,BAN
127.0.0.1,api-access.pangolin-sdk-toutiao1.com,Block,BAN
127.0.0.1,wl.jd.com,Block,BAN
127.0.0.1,mssdk.volces.com,Block,BAN
127.0.0.1,umc.danuoyi.alicdn.com,Block,BAN
127.0.0.1,mars.jd.com,Block,BAN
127.0.0.1,alivc-aio.cn-hangzhou.log.aliyuncs.com,Block,BAN
127.0.0.1,nadvideo2.baidu.com,Block,BAN
127.0.0.1,mstat.tpns.gz2.tencent.com,Block,BAN
127.0.0.1,api-access.pangolin-sdk-toutiao-b.com,Block,BAN
127.0.0.1,blackhole.m.jd.com,Block,BAN
127.0.0.1,gsp0.baidu.com,Block,BAN
127.0.0.1,xp.apple.com,Block,BAN
127.0.0.1,videocloud.cn-hangzhou.log.aliyuncs.com,Block,BAN
127.0.0.1,analytics.95516.com,Block,BAN
127.0.0.1,mazu.m.qq.com,Block,BAN
127.0.0.1,feed-image.baidu.com,Block,BAN
127.0.0.1,oth.eve.mdt.qq.com,Block,BAN
127.0.0.1,mmb-log2.cn-shenzhen.log.aliyuncs.com,Block,BAN
127.0.0.1,referee.xiaohongshu.com,Block,BAN
127.0.0.1,tmfmazu.m.qq.com,Block,BAN
127.0.0.1,dlswbr.baidu.com,Block,BAN
127.0.0.1,errlog.umeng.com,Block,BAN
127.0.0.1,api-access.pangolin-sdk-toutiao.com,Block,BAN
127.0.0.1,snowflake.qq.com,Block,BAN
127.0.0.1,hd2.3g.qq.com,Block,BAN
127.0.0.1,g.aplus.aliyun.com,Block,BAN
127.0.0.1,errnewlog.umeng.com,Block,BAN
127.0.0.1,adashx.m.taobao.com,Block,BAN
127.0.0.1,v.aplus.aliyun.com,Block,BAN
127.0.0.1,adim.pinduoduo.com,Block,BAN
127.0.0.1,resolve.umeng.com,Block,BAN
127.0.0.1,cnlogs.umengcloud.com,Block,BAN
127.0.0.1,cnlogs.umeng.com,Block,BAN
127.0.0.1,policy.jd.com,Block,BAN
127.0.0.1,jpushjd.m.jd.com,Block,BAN
127.0.0.1,uri6.com,Block,BAN
127.0.0.1,nt2.ele.me,Block,BAN
127.0.0.1,dataflow.biliapi.com,Block,BAN
127.0.0.1,api-d.dutils.com,Block,BAN
127.0.0.1,ca.iadsdk.apple.com,Block,BAN
127.0.0.1,c.ssp.qq.com,Block,BAN
127.0.0.1,ynuf.aliapp.org,Block,BAN
127.0.0.1,tianshu.gtimg.cn,Block,BAN
127.0.0.1,s.jpush.cn,Block,BAN
127.0.0.1,dnlog.cmpassport.com,Block,BAN
127.0.0.1,tap-snow.cn-beijing.dualstack.log.aliyuncs.com,Block,BAN
127.0.0.1,ilce.alicdn.com,Block,BAN
127.0.0.1,sec.umeng.com,Block,BAN
127.0.0.1,trackingprd.hwwt8.com,Block,BAN
127.0.0.1,rdelivery.qq.com,Block,BAN
127.0.0.1,volc.bj.ad.track.66mobi.com,Block,BAN
127.0.0.1,collector-px16wtn1zd.perimeterx.net,Block,BAN
127.0.0.1,collector-pxstmi6f2s.perimeterx.net,Block,BAN
127.0.0.1,collector-pxpuqrsqhx.perimeterx.net,Block,BAN
127.0.0.1,appdownload.alicdn.com,Block,BAN
127.0.0.1,acs4baichuan.m.taobao.com,Block,BAN
127.0.0.1,info.tuisong.baidu.com,Block,BAN
127.0.0.1,cdn.ark.qq.com,Block,BAN
127.0.0.1,ads-img-al.xhscdn.com,Block,BAN
127.0.0.1,app.chat.xiaomi.net,Block,BAN
127.0.0.1,wup.imtt.qq.com,Block,BAN
127.0.0.1,sis.jpush.io,Block,BAN
127.0.0.1,easytomessage.com,Block,BAN
127.0.0.1,adashbc.ut.taobao.com,Block,BAN
127.0.0.1,news.ssp.qq.com,Block,BAN
127.0.0.1,ad.cyapi.cn,Block,BAN
127.0.0.1,logan-rtl.dreport.meituan.net,Block,BAN
127.0.0.1,l.gm.mob.com,Block,BAN
127.0.0.1,configsvr.msf.3g.qq.com,Block,BAN
127.0.0.1,cainiao-app-logs.cn-zhangjiakou.log.aliyuncs.com,Block,BAN
127.0.0.1,gromore.pangolin-sdk-toutiao.com,Block,BAN
127.0.0.1,xlog.jd.com,Block,BAN
127.0.0.1,sjarvis.taobao.com,Block,BAN
127.0.0.1,stat.youpin.mi.com,Block,BAN
127.0.0.1,sis-ipv6.jpush.cn,Block,BAN
127.0.0.1,sofire.baidu.com,Block,BAN
127.0.0.1,sdk.open.talk.getui.net,Block,BAN
127.0.0.1,o33249.ingest.us.sentry.io,Block,BAN
127.0.0.1,ads.cup.com.cn,Block,BAN
127.0.0.1,atoken.m.taobao.com,Block,BAN
127.0.0.1,h.m.mpl.dutils.com,Block,BAN
127.0.0.1,api-c.dutils.com,Block,BAN
127.0.0.1,f.gm.mob.com,Block,BAN
127.0.0.1,sdk.open.talk.gepush.com,Block,BAN
127.0.0.1,janapi.jd.com,Block,BAN
127.0.0.1,miao.baidu.com,Block,BAN
127.0.0.1,tap-bigdata-bj.cn-beijing.dualstack.log.aliyuncs.com,Block,BAN
127.0.0.1,fp-it.fengkongcloud.com,Block,BAN
127.0.0.1,tap-client-logs-bj.cn-beijing.dualstack.log.aliyuncs.com,Block,BAN
127.0.0.1,oth.str.mdt.qq.com,Block,BAN
127.0.0.1,utoken.umeng.com,Block,BAN
127.0.0.1,adashx.ut.ele.me,Block,BAN
127.0.0.1,slog.trackingio.com,Block,BAN
127.0.0.1,appsupport.qq.com,Block,BAN
127.0.0.1,mobads-pre-config.cdn.bcebos.com,Block,BAN
127.0.0.1,log1.cmpassport.com,Block,BAN